{"m1-t1":{"knowledgeCheck":[{"templateName":"multipleChoiseTemplate","question":"Which is the capital of India?","options":["New Delhi","Gujarat","Hariyana"],"correctAnswer":"New Delhi"},{"templateName":"multipleChoiseTemplate","question":"Which is the capital of Tamilnadu?","options":["Delhi","Chennai","Hariyana"],"correctAnswer":"Chennai"}]},"m1-t2":{"knowledgeCheck":[{"templateName":"multipleChoiseTemplate","question":"How many grams are one kilogram?","options":[1000,100,500],"correctAnswer":"1000"}]}}