{"m1-t1":{"knowledgeCheck":[{"templateName":"multipleChoiseTemplate","question":"Which is the capital of India?","options":["Delhi","Gujarat","Hariya"],"correctAnswer":"Delhi"},{"templateName":"multipleChoiseTemplate","question":"Which is the capital of Tamilnadu?","options":["Delhi","Chennai","Hariyana"],"correctAnswer":"Chennai"}]},"m1-t2":{"knowledgeCheck":[{"templateName":"multipleChoiseTemplate","question":"The instrument that measures and records the relative humidity of air is","options":["Hydrometer","Hygrometer","Lactometer"],"correctAnswer":"Hydrometer"}]}}