{
    "m1-t1" : {        
        "knowledgeCheck" : [
            {
                "templateName": "multipleChoiseTemplate",
                "question" : "Which is the capital of India?",
                "options" : ["Delhi", "Gujarat","Hariyana"],
                "correctAnswer" : "Delhi"
            },
            {
                "templateName": "multipleChoiseTemplate",
                "question" : "Which is the capital of Tamilnadu?",
                "options" : ["Delhi", "Chennai","Hariyana"],
                "correctAnswer" : "Chennai"
            }
        ]
    }
}