<?xml version="1.0" standalone="no" ?>
<lom xmlns="http://www.imsglobal.org/xsd/imsmd_rootv1p2p1"
  xmlns:xsi="http://www.w3.org/2001/XMLSchema-instance"
  xsi:schemaLocation="http://www.imsglobal.org/xsd/imsmd_rootv1p2p1 imsmd_rootv1p2p1.xsd">
<general>
<title>
<langstring xml:lang="en-US">L&amp;T Masonry - External Threading on MS Conduit</langstring>
</title>
<catalogentry>
<catalog>LnT</catalog>
<entry>
<langstring xml:lang="en-US"></langstring>
</entry>
</catalogentry>
<language>en-US</language>
<description>
<langstring xml:lang="en-US">This module explains how to cut external threads on mild steel or MS conduit using a die set. It covers the tools, safety gadgets, materials, components and consumables required to cut external threads on MS conduit. It also covers the instructions, exercise sketch and detailed step-by-step method statement for cutting external threads on MS conduit. In addition, it covers the productivity norms and assessments standards to evaluate the completed work. Finally, it covers some of the dos and don’ts to be considered while cutting external threads on MS conduit, and tests the knowledge of learner using a series of knowledge check questions.</langstring>
</description>
<keyword>
<langstring xml:lang="en-US">LnT</langstring>
</keyword>
<aggregationlevel>
<source>
<langstring xml:lang="x-none">LOMv1.0</langstring>
</source>
<value>
<langstring xml:lang="x-none">3</langstring>
</value>
</aggregationlevel>
</general>
<lifecycle>
<version>
<langstring xml:lang="x-none">LnT</langstring>
</version>
<status>
<source>
<langstring xml:lang="x-none">LOMv1.0</langstring>
</source>
<value>
<langstring xml:lang="x-none">Final</langstring>
</value>
</status>
<contribute>
<role>
<source>
<langstring xml:lang="x-none">LOMv1.0</langstring>
</source>
<value>
<langstring xml:lang="x-none">Author</langstring>
</value>
</role>
<centity>
<vcard>BEGIN:vCard ORG: END:vCard</vcard>
</centity>
<date>
<datetime>2020-02-13</datetime>
</date>
</contribute>
</lifecycle>
<metametadata>
<metadatascheme>ADL SCORM 1.2</metadatascheme>
<language>en-US</language>
</metametadata>
<technical>
<format>text/html</format>
<location type="URI">.</location>
</technical>
<educational>
<learningresourcetype>
<source>
<langstring xml:lang="x-none">LOMv1.0</langstring>
</source>
<value>
<langstring xml:lang="x-none"></langstring>
</value>
</learningresourcetype>
</educational>
<rights>
<cost>
<source>
<langstring xml:lang="x-none">LOMv1.0</langstring>
</source>
<value>
<langstring xml:lang="x-none"></langstring>
</value>
</cost>
<copyrightandotherrestrictions>
<source>
<langstring xml:lang="x-none">LOMv1.0</langstring>
</source>
<value>
<langstring xml:lang="x-none"></langstring>
</value>
</copyrightandotherrestrictions>
<description>
<langstring xml:lang="en-US"></langstring>
</description>
</rights>
<classification>
<purpose>
<source>
<langstring xml:lang="x-none">LOMv1.0</langstring>
</source>
<value>
<langstring xml:lang="x-none"></langstring>
</value>
</purpose>
<description>
<langstring xml:lang="en-US">LnT</langstring>
</description>
<keyword>
<langstring xml:lang="en-US">LnT</langstring>
</keyword>
</classification>
</lom>
