<?xml version="1.0" standalone="no" ?>

<manifest identifier="com.scorm.golfsamples.runtime.minimumcalls.12" version="1"
       xmlns="http://www.imsproject.org/xsd/imscp_rootv1p1p2"
       xmlns:adlcp="http://www.adlnet.org/xsd/adlcp_rootv1p2"
       xmlns:xsi="http://www.w3.org/2001/XMLSchema-instance"
       xsi:schemaLocation="http://www.imsproject.org/xsd/imscp_rootv1p1p2 imscp_rootv1p1p2.xsd
                           http://www.imsglobal.org/xsd/imsmd_rootv1p2p1 imsmd_rootv1p2p1.xsd
                           http://www.adlnet.org/xsd/adlcp_rootv1p2 adlcp_rootv1p2.xsd">
  
  <metadata>
    <schema>ADL SCORM</schema>
    <schemaversion>1.2</schemaversion>
    
  </metadata>

  <organizations default="TOC11">
    <organization identifier="TOC11">
      <title>MEAN-Basic</title>
		<item identifier="Week1_item">
        		<title>Getting Started</title>
        			<item identifier="Week1_T1_item" identifierref="Week1_T1_resource">
        				<title>Introduction to MEAN Full Stack Development</title>
        			</item>
        			<item identifier="Week1_T2_item" identifierref="Week1_T2_resource">
        				<title>Essential Web Technologies</title>
              </item>
              <item identifier="Week1_T3_item" identifierref="Week1_T3_resource">
        				<title>Getting familiar with Virtual Lab Environment</title>
              </item>
              <item identifier="Week1_T4_item" identifierref="Week1_T4_resource">
        				<title>Working with Linux Terminal</title>
              </item>
              <item identifier="Week1_T5_item" identifierref="Week1_T5_resource">
        				<title>Running a Hello World NodeJS Server Application</title>
              </item>
              <item identifier="Week1_T6_item" identifierref="Week1_T6_resource">
        				<title>Running a Hello World Angular Client Application</title>
              </item>	
              <item identifier="Week1_T7_item" identifierref="Week1_T7_resource">
        				<title>Task : Setup Model Bank Project</title>
              </item>
		</item>
    <item identifier="Week2_item">
        		<title>Working with MongoDB</title>
        			<item identifier="Week2_T1_item" identifierref="Week2_T1_resource">
        				<title>Introduction to MongoDB</title>
        			</item>
        			<item identifier="Week2_T2_item" identifierref="Week2_T2_resource">
        				<title>Data Modeling Concepts</title>
              </item>
              <item identifier="Week2_T3_item" identifierref="Week2_T3_resource">
        				<title>Connecting to MongoDB</title>
              </item>
              <item identifier="Week2_T4_item" identifierref="Week2_T4_resource">
        				<title>CRUD(Create, Read, Update &amp; Delete) Operations</title>
              </item>
              <item identifier="Week2_T5_item" identifierref="Week2_T5_resource">
        				<title>Implementing Text Search</title>
              </item>
              <item identifier="Week2_T6_item" identifierref="Week2_T6_resource">
        				<title>Task : Setup Model Bank Database</title>
        			</item>  		
    </item>
    <item identifier="Week3_item">
      <title>Programming with Javascript</title>
        <item identifier="Week3_T1_item" identifierref="Week3_T1_resource">
          <title>Introduction to programming with Javascript</title>
        </item>
        <item identifier="Week3_T2_item" identifierref="Week3_T2_resource">
          <title>Variables, Data Types, Conditionals and Functions</title>
        </item>
        <item identifier="Week3_T3_item" identifierref="Week3_T3_resource">
          <title>Arrays, Loops, Objects &amp; Iterators</title>
        </item> 
        <item identifier="Week3_T4_item" identifierref="Week3_T4_resource">
          <title>Running javascript programs in Browser</title>
        </item> 
        <item identifier="Week3_T5_item" identifierref="Week3_T5_resource">
          <title>Running javascript programs in console with Node.js</title>
        </item> 
        <item identifier="Week3_T6_item" identifierref="Week3_T6_resource">
          <title>Working with global and block level scope in Javascript</title>
        </item> 
        <item identifier="Week3_T7_item" identifierref="Week3_T7_resource">
          <title>Working with Asynchronous Javascript</title>
        </item> 
        <item identifier="Week3_T8_item" identifierref="Week3_T8_resource">
          <title>Task : Implementing a Currency Converter for Model Bank</title>
        </item>   		
</item>
<item identifier="Week4_item">
  <title>Developing applications with Node.js</title>
    <item identifier="Week4_T1_item" identifierref="Week4_T1_resource">
      <title>Introduction to Node.js</title>
    </item>
    <item identifier="Week4_T2_item" identifierref="Week4_T2_resource">
      <title>Exploring Node Modules</title>
    </item>
    <item identifier="Week4_T3_item" identifierref="Week4_T3_resource">
      <title>Managing files with fs module</title>
    </item>
    <item identifier="Week4_T4_item" identifierref="Week4_T4_resource">
      <title>Developing Node.js modules</title>
    </item>
    <item identifier="Week4_T5_item" identifierref="Week4_T5_resource">
      <title>Connecting &amp; persisting data to MongoDB</title>
    </item>
    <item identifier="Week4_T6_item" identifierref="Week4_T6_resource">
      <title>Task : Develop CSV Utility for Model Bank</title>
    </item>
</item>
<item identifier="Week5_item">
  <title>Developing Server applications with Express.js</title>
    <item identifier="Week5_T1_item" identifierref="Week5_T1_resource">
      <title>Introduction to Express.js framework</title>
    </item>
    <item identifier="Week5_T2_item" identifierref="Week5_T2_resource">
      <title>The application, request and response objects</title>
    </item>
    <item identifier="Week5_T3_item" identifierref="Week5_T3_resource">
      <title>Creating a new Express project with express generator</title>
    </item> 
    <item identifier="Week5_T4_item" identifierref="Week5_T4_resource">
      <title>Working with routes in Express</title>
    </item> 
    <item identifier="Week5_T5_item" identifierref="Week5_T5_resource">
      <title>Serving an Angular web application with express</title>
    </item> 
    <item identifier="Week5_T6_item" identifierref="Week5_T6_resource">
      <title>Creating Express middleware for routes</title>
    </item> 
    <item identifier="Week5_T7_item" identifierref="Week5_T7_resource">
      <title>Logging traffic and activity with Morgan</title>
    </item> 
    <item identifier="Week5_T8_item" identifierref="Week5_T8_resource">
      <title>Task: Setup an Express App for Model Bank</title>
    </item>   		
</item>
<item identifier="Week6_item">
  <title>Building REST APIs</title>
    <item identifier="Week6_T1_item" identifierref="Week6_T1_resource">
      <title>Introduction to REST API</title>
    </item>
    <item identifier="Week6_T2_item" identifierref="Week6_T2_resource">
      <title>Building REST APIs with Express</title>
    </item>
    <item identifier="Week6_T3_item" identifierref="Week6_T3_resource">
      <title>Configuring JSON API in Express</title>
    </item>
    <item identifier="Week6_T4_item" identifierref="Week6_T4_resource">
      <title>Task : Build REST APIs for Model Bank</title>
    </item> 
</item>
<item identifier="Week7_item">
  <title>Working with Mongoose</title>
    <item identifier="Week7_T1_item" identifierref="Week7_T1_resource">
      <title>Introduction to Mongoose</title>
    </item>
    <item identifier="Week7_T2_item" identifierref="Week7_T2_resource">
      <title>Understanding Mongoose Schemas</title>
    </item>
    <item identifier="Week7_T3_item" identifierref="Week7_T3_resource">
      <title>Connecting to MongoDB through Mongoose</title>
    </item>
    <item identifier="Week7_T4_item" identifierref="Week7_T4_resource">
      <title>Working with data model in MongoDB and Mongoose</title>
    </item> 
    <item identifier="Week7_T5_item" identifierref="Week7_T5_resource">
      <title>Querying for data using Mongoose query selectors</title>
    </item>
    <item identifier="Week7_T6_item" identifierref="Week7_T6_resource">
      <title>Task : Implement CRUD with Mongoose for Model Bank</title>
    </item>   		
</item>
<item identifier="Week8_item">
  <title>Structuring the Web with HTML</title>
    <item identifier="Week8_T1_item" identifierref="Week8_T1_resource">
      <title>Introduction to HTML</title>
    </item>
    <item identifier="Week8_T2_item" identifierref="Week8_T2_resource">
      <title>Metadata in HTML</title>
    </item>
    <item identifier="Week8_T3_item" identifierref="Week8_T3_resource">
      <title>Creating HTML Element</title>
    </item>
    <item identifier="Week8_T4_item" identifierref="Week8_T4_resource">
      <title>Working with HTML Text</title>
    </item>
    <item identifier="Week8_T5_item" identifierref="Week8_T5_resource">
      <title>Working with Hyperlinks &amp; advanced text formatting</title>
    </item>
    <item identifier="Week8_T6_item" identifierref="Week8_T6_resource">
      <title>Getting familiar with Document &amp; Website structure</title>
    </item>
    <item identifier="Week8_T7_item" identifierref="Week8_T7_resource">
      <title>Working with HTML Tables</title>
    </item>
    <item identifier="Week8_T8_item" identifierref="Week8_T8_resource">
      <title>Working with Images in HTML</title>
    </item>
    <item identifier="Week8_T9_item" identifierref="Week8_T9_resource">
      <title>Embedding content using iframe</title>
    </item>
    <item identifier="Week8_T10_item" identifierref="Week8_T10_resource">
      <title>Task : Develop a Web-UI for Model Bank to view Customer Details</title>
    </item>   		
</item>
<item identifier="Week9_item">
  <title>Styling the Web with CSS</title>
    <item identifier="Week9_T1_item" identifierref="Week9_T1_resource">
      <title>Introduction to CSS</title>
    </item>
    <item identifier="Week9_T2_item" identifierref="Week9_T2_resource">
      <title>CSS Structure &amp; How it works ?</title>
    </item>
    <item identifier="Week9_T3_item" identifierref="Week9_T3_resource">
      <title>Getting started with CSS</title>
    </item>
    <item identifier="Week9_T4_item" identifierref="Week9_T4_resource">
      <title>Working with CSS building blocks</title>
    </item> 
    <item identifier="Week9_T5_item" identifierref="Week9_T5_resource">
      <title>Styling text</title>
    </item>
    <item identifier="Week9_T6_item" identifierref="Week9_T6_resource">
      <title>Working with CSS Layout</title>
    </item> 
    <item identifier="Week9_T7_item" identifierref="Week9_T7_resource">
      <title>Task : Apply relevant CSS Styles to Model Bank's Web-UI </title>
    </item>  		
</item>
<item identifier="Week10_item">
  <title>Programming with Typescript</title>
    <item identifier="Week10_T1_item" identifierref="Week10_T1_resource">
      <title>Introduction to programming with Typescript</title>
    </item>
    <item identifier="Week10_T2_item" identifierref="Week10_T2_resource">
      <title>Types, Variables &amp; Function Techniques</title>
    </item> 
    <item identifier="Week10_T3_item" identifierref="Week10_T3_resource">
      <title>Typescript compatible frameworks</title>
    </item>
    <item identifier="Week10_T4_item" identifierref="Week10_T4_resource">
      <title>Object Oriented Design</title>
    </item>
    <item identifier="Week10_T5_item" identifierref="Week10_T5_resource">
      <title>Hello World with Typescript</title>
    </item>
    <item identifier="Week10_T6_item" identifierref="Week10_T6_resource">
      <title>Working with Interfaces, Classess &amp; Inheritance</title>
    </item>
    <item identifier="Week10_T7_item" identifierref="Week10_T7_resource">
      <title>Working with Decorators , Generics &amp; Asynchronous features</title>
    </item>
    <item identifier="Week10_T8_item" identifierref="Week10_T8_resource">
      <title>Working with Declaration Files &amp; Strict Compiler Options</title>
    </item>
    <item identifier="Week10_T9_item" identifierref="Week10_T9_resource">
      <title>Getting familiar with Modules</title>
    </item>
    <item identifier="Week10_T10_item" identifierref="Week10_T10_resource">
      <title>Using Dependency Injection</title>
    </item>
    <item identifier="Week10_T11_item" identifierref="Week10_T11_resource">
      <title>Getting familiar with functional programming</title>
    </item>
    <item identifier="Week10_T12_item" identifierref="Week10_T12_resource">
      <title>Working with function parameters</title>
    </item>
    <item identifier="Week10_T13_item" identifierref="Week10_T13_resource">
      <title>Task : Implement a Credit Card Validator for Model Bank</title>
    </item>  		
</item>
<item identifier="Week11_item">
  <title>Developing front-end applications with Angular</title>
    <item identifier="Week11_T1_item" identifierref="Week11_T1_resource">
      <title>Introduction to Angular</title>
    </item>
    <item identifier="Week11_T2_item" identifierref="Week11_T2_resource">
      <title>Angular architecture</title>
    </item>
    <item identifier="Week11_T3_item" identifierref="Week11_T3_resource">
      <title>Generating new Angular project using Angular-CLI</title>
    </item>
    <item identifier="Week11_T4_item" identifierref="Week11_T4_resource">
      <title>Working with Components &amp; Directives</title>
    </item>
    <item identifier="Week11_T5_item" identifierref="Week11_T5_resource">
      <title>Working with actions &amp; events in Angular</title>
    </item>
    <item identifier="Week11_T6_item" identifierref="Week11_T6_resource">
      <title>Creating services for data in Angular</title>
    </item>
    <item identifier="Week11_T7_item" identifierref="Week11_T7_resource">
      <title>Retrieving API data using HTTP services in Angular</title>
    </item>
    <item identifier="Week11_T8_item" identifierref="Week11_T8_resource">
      <title>Task : Develop a CRUD App in Angular for Model Bank</title>
    </item>   		
</item>
<item identifier="Week12_item">
  <title>Debugging techniques</title>
    <item identifier="Week12_T1_item" identifierref="Week12_T1_resource">
      <title>What is Debugging ?</title>
    </item>
    <item identifier="Week12_T2_item" identifierref="Week12_T2_resource">
      <title>Debugging Node.js using debug module</title>
    </item>
    <item identifier="Week12_T3_item" identifierref="Week12_T3_resource">
      <title>Debugging Angular applications using browser inspector</title>
    </item>
    <item identifier="Week12_T4_item" identifierref="Week12_T4_resource">
      <title>Task : Debug and resolve an issue in Model Bank Application</title>
    </item>   		
</item>
<item identifier="Week13_14_item">
        		<title>Additional Project Tasks</title>
        			<item identifier="Week13_14_T1_item" identifierref="Week13_14_T1_resource">
        				<title>Task Details</title>
        			</item>  		
    </item>
<item identifier="Week15_16_item">
      <title>Final Assessment</title>
        <item identifier="Week15_16_T1_item" identifierref="Week15_16_T1_resource">
          <title>Assessment Details</title>
        </item>  		
</item>
     	</organization>
</organizations>

<resources>
    <resource identifier="Week1_T1_resource" type="webcontent" href="/week1/topic1/m1-t1.html" adlcp:scormtype="sco">
      <file href="adlcp_rootv1p2.xsd"/>
      <file href="imscp_rootv1p1p2.xsd"/>
      <file href="imsmanifest.xml"/>
      <file href="imsmd_rootv1p2p1.xsd"/>
      <file href="imsmetadata.xml"/>
      <file href="ims_xml.xsd"/>
      <file href="data/courseData.json"/>
      <file href="js/appCnt.js"/>
      <file href="js/jquery-1.11.3.min.js"/>
      <file href="js/scormAPI.js"/>
      <file href="js/SCORM_API_wrapper.js"/>
      <file href="week1/topic1/m1-t1.html"/>
      <file href="week1/topic1/topicScript.js"/>
    </resource> 

    <resource identifier="Week1_T2_resource" type="webcontent" href="/week1/topic2/m1-t2.html" adlcp:scormtype="sco">
      <file href="adlcp_rootv1p2.xsd"/>
      <file href="imscp_rootv1p1p2.xsd"/>
      <file href="imsmanifest.xml"/>
      <file href="imsmd_rootv1p2p1.xsd"/>
      <file href="imsmetadata.xml"/>
      <file href="ims_xml.xsd"/>
      <file href="data/courseData.json"/>
      <file href="js/appCnt.js"/>
      <file href="js/jquery-1.11.3.min.js"/>
      <file href="js/scormAPI.js"/>
      <file href="js/SCORM_API_wrapper.js"/>
      <file href="week1/topic2/m1-t2.html"/>
      <file href="week1/topic2/topicScript.js"/>
    </resource>  
       
    <resource identifier="Week1_T3_resource" type="webcontent" href="/week1/topic3/m1-t3.html" adlcp:scormtype="sco">
      <file href="adlcp_rootv1p2.xsd"/>
      <file href="imscp_rootv1p1p2.xsd"/>
      <file href="imsmanifest.xml"/>
      <file href="imsmd_rootv1p2p1.xsd"/>
      <file href="imsmetadata.xml"/>
      <file href="ims_xml.xsd"/>
      <file href="data/courseData.json"/>
      <file href="js/appCnt.js"/>
      <file href="js/jquery-1.11.3.min.js"/>
      <file href="js/scormAPI.js"/>
      <file href="js/SCORM_API_wrapper.js"/>
      <file href="week1/topic3/m1-t3.html"/>
      <file href="week1/topic3/topicScript.js"/>
    </resource>

    <resource identifier="Week1_T4_resource" type="webcontent" href="/week1/topic4/m1-t4.html" adlcp:scormtype="sco">
      <file href="adlcp_rootv1p2.xsd"/>
      <file href="imscp_rootv1p1p2.xsd"/>
      <file href="imsmanifest.xml"/>
      <file href="imsmd_rootv1p2p1.xsd"/>
      <file href="imsmetadata.xml"/>
      <file href="ims_xml.xsd"/>
      <file href="data/courseData.json"/>
      <file href="js/appCnt.js"/>
      <file href="js/jquery-1.11.3.min.js"/>
      <file href="js/scormAPI.js"/>
      <file href="js/SCORM_API_wrapper.js"/>
      <file href="week1/topic4/m1-t4.html"/>
      <file href="week1/topic4/topicScript.js"/>
    </resource>

    <resource identifier="Week1_T5_resource" type="webcontent" href="/week1/topic5/m1-t5.html" adlcp:scormtype="sco">
      <file href="adlcp_rootv1p2.xsd"/>
      <file href="imscp_rootv1p1p2.xsd"/>
      <file href="imsmanifest.xml"/>
      <file href="imsmd_rootv1p2p1.xsd"/>
      <file href="imsmetadata.xml"/>
      <file href="ims_xml.xsd"/>
      <file href="data/courseData.json"/>
      <file href="js/appCnt.js"/>
      <file href="js/jquery-1.11.3.min.js"/>
      <file href="js/scormAPI.js"/>
      <file href="js/SCORM_API_wrapper.js"/>
      <file href="week1/topic5/m1-t5.html"/>
      <file href="week1/topic5/topicScript.js"/>
    </resource>

    <resource identifier="Week1_T6_resource" type="webcontent" href="/week1/topic6/m1-t6.html" adlcp:scormtype="sco">
      <file href="adlcp_rootv1p2.xsd"/>
      <file href="imscp_rootv1p1p2.xsd"/>
      <file href="imsmanifest.xml"/>
      <file href="imsmd_rootv1p2p1.xsd"/>
      <file href="imsmetadata.xml"/>
      <file href="ims_xml.xsd"/>
      <file href="data/courseData.json"/>
      <file href="js/appCnt.js"/>
      <file href="js/jquery-1.11.3.min.js"/>
      <file href="js/scormAPI.js"/>
      <file href="js/SCORM_API_wrapper.js"/>
      <file href="week1/topic6/m1-t6.html"/>
      <file href="week1/topic6/topicScript.js"/>
    </resource>
  
    <resource identifier="Week1_T7_resource" type="webcontent" href="/week1/topic7/m1-t7.html" adlcp:scormtype="sco">
      <file href="adlcp_rootv1p2.xsd"/>
      <file href="imscp_rootv1p1p2.xsd"/>
      <file href="imsmanifest.xml"/>
      <file href="imsmd_rootv1p2p1.xsd"/>
      <file href="imsmetadata.xml"/>
      <file href="ims_xml.xsd"/>
      <file href="data/courseData.json"/>
      <file href="js/appCnt.js"/>
      <file href="js/jquery-1.11.3.min.js"/>
      <file href="js/scormAPI.js"/>
      <file href="js/SCORM_API_wrapper.js"/>
      <file href="week1/topic7/m1-t7.html"/>
      <file href="week1/topic7/topicScript.js"/>
    </resource>

    <resource identifier="Week2_T1_resource" type="webcontent" href="/week2/topic1/m2-t1.html" adlcp:scormtype="sco">
      <file href="adlcp_rootv1p2.xsd"/>
      <file href="imscp_rootv1p1p2.xsd"/>
      <file href="imsmanifest.xml"/>
      <file href="imsmd_rootv1p2p1.xsd"/>
      <file href="imsmetadata.xml"/>
      <file href="ims_xml.xsd"/>
      <file href="data/courseData.json"/>
      <file href="js/appCnt.js"/>
      <file href="js/jquery-1.11.3.min.js"/>
      <file href="js/scormAPI.js"/>
      <file href="js/SCORM_API_wrapper.js"/>
      <file href="week2/topic1/m2-t1.html"/>
      <file href="week2/topic1/topicScript.js"/>
    </resource>

    <resource identifier="Week2_T2_resource" type="webcontent" href="/week2/topic2/m2-t2.html" adlcp:scormtype="sco">
      <file href="adlcp_rootv1p2.xsd"/>
      <file href="imscp_rootv1p1p2.xsd"/>
      <file href="imsmanifest.xml"/>
      <file href="imsmd_rootv1p2p1.xsd"/>
      <file href="imsmetadata.xml"/>
      <file href="ims_xml.xsd"/>
      <file href="data/courseData.json"/>
      <file href="js/appCnt.js"/>
      <file href="js/jquery-1.11.3.min.js"/>
      <file href="js/scormAPI.js"/>
      <file href="js/SCORM_API_wrapper.js"/>
      <file href="week2/topic2/m2-t2.html"/>
      <file href="week2/topic2/topicScript.js"/>
    </resource>

    <resource identifier="Week2_T3_resource" type="webcontent" href="/week2/topic3/m2-t3.html" adlcp:scormtype="sco">
      <file href="adlcp_rootv1p2.xsd"/>
      <file href="imscp_rootv1p1p2.xsd"/>
      <file href="imsmanifest.xml"/>
      <file href="imsmd_rootv1p2p1.xsd"/>
      <file href="imsmetadata.xml"/>
      <file href="ims_xml.xsd"/>
      <file href="data/courseData.json"/>
      <file href="js/appCnt.js"/>
      <file href="js/jquery-1.11.3.min.js"/>
      <file href="js/scormAPI.js"/>
      <file href="js/SCORM_API_wrapper.js"/>
      <file href="week2/topic3/m2-t3.html"/>
      <file href="week2/topic3/topicScript.js"/>
    </resource>

    <resource identifier="Week2_T4_resource" type="webcontent" href="/week2/topic4/m2-t4.html" adlcp:scormtype="sco">
      <file href="adlcp_rootv1p2.xsd"/>
      <file href="imscp_rootv1p1p2.xsd"/>
      <file href="imsmanifest.xml"/>
      <file href="imsmd_rootv1p2p1.xsd"/>
      <file href="imsmetadata.xml"/>
      <file href="ims_xml.xsd"/>
      <file href="data/courseData.json"/>
      <file href="js/appCnt.js"/>
      <file href="js/jquery-1.11.3.min.js"/>
      <file href="js/scormAPI.js"/>
      <file href="js/SCORM_API_wrapper.js"/>
      <file href="week2/topic4/m2-t4.html"/>
      <file href="week2/topic4/topicScript.js"/>
    </resource>

    <resource identifier="Week2_T5_resource" type="webcontent" href="/week2/topic5/m2-t5.html" adlcp:scormtype="sco">
      <file href="adlcp_rootv1p2.xsd"/>
      <file href="imscp_rootv1p1p2.xsd"/>
      <file href="imsmanifest.xml"/>
      <file href="imsmd_rootv1p2p1.xsd"/>
      <file href="imsmetadata.xml"/>
      <file href="ims_xml.xsd"/>
      <file href="data/courseData.json"/>
      <file href="js/appCnt.js"/>
      <file href="js/jquery-1.11.3.min.js"/>
      <file href="js/scormAPI.js"/>
      <file href="js/SCORM_API_wrapper.js"/>
      <file href="week2/topic5/m2-t5.html"/>
      <file href="week2/topic5/topicScript.js"/>
    </resource>

    <resource identifier="Week2_T6_resource" type="webcontent" href="/week2/topic6/m2-t6.html" adlcp:scormtype="sco">
      <file href="adlcp_rootv1p2.xsd"/>
      <file href="imscp_rootv1p1p2.xsd"/>
      <file href="imsmanifest.xml"/>
      <file href="imsmd_rootv1p2p1.xsd"/>
      <file href="imsmetadata.xml"/>
      <file href="ims_xml.xsd"/>
      <file href="data/courseData.json"/>
      <file href="js/appCnt.js"/>
      <file href="js/jquery-1.11.3.min.js"/>
      <file href="js/scormAPI.js"/>
      <file href="js/SCORM_API_wrapper.js"/>
      <file href="week2/topic6/m2-t6.html"/>
      <file href="week2/topic6/topicScript.js"/>
    </resource>

    <resource identifier="Week3_T1_resource" type="webcontent" href="/week3/topic1/m3-t1.html" adlcp:scormtype="sco">
      <file href="adlcp_rootv1p2.xsd"/>
      <file href="imscp_rootv1p1p2.xsd"/>
      <file href="imsmanifest.xml"/>
      <file href="imsmd_rootv1p2p1.xsd"/>
      <file href="imsmetadata.xml"/>
      <file href="ims_xml.xsd"/>
      <file href="data/courseData.json"/>
      <file href="js/appCnt.js"/>
      <file href="js/jquery-1.11.3.min.js"/>
      <file href="js/scormAPI.js"/>
      <file href="js/SCORM_API_wrapper.js"/>
      <file href="week3/topic1/m3-t1.html"/>
      <file href="week3/topic1/topicScript.js"/>
    </resource>

    <resource identifier="Week3_T2_resource" type="webcontent" href="/week3/topic2/m3-t2.html" adlcp:scormtype="sco">
      <file href="adlcp_rootv1p2.xsd"/>
      <file href="imscp_rootv1p1p2.xsd"/>
      <file href="imsmanifest.xml"/>
      <file href="imsmd_rootv1p2p1.xsd"/>
      <file href="imsmetadata.xml"/>
      <file href="ims_xml.xsd"/>
      <file href="data/courseData.json"/>
      <file href="js/appCnt.js"/>
      <file href="js/jquery-1.11.3.min.js"/>
      <file href="js/scormAPI.js"/>
      <file href="js/SCORM_API_wrapper.js"/>
      <file href="week3/topic2/m3-t2.html"/>
      <file href="week3/topic2/topicScript.js"/>
    </resource>

    <resource identifier="Week3_T3_resource" type="webcontent" href="/week3/topic3/m3-t3.html" adlcp:scormtype="sco">
      <file href="adlcp_rootv1p2.xsd"/>
      <file href="imscp_rootv1p1p2.xsd"/>
      <file href="imsmanifest.xml"/>
      <file href="imsmd_rootv1p2p1.xsd"/>
      <file href="imsmetadata.xml"/>
      <file href="ims_xml.xsd"/>
      <file href="data/courseData.json"/>
      <file href="js/appCnt.js"/>
      <file href="js/jquery-1.11.3.min.js"/>
      <file href="js/scormAPI.js"/>
      <file href="js/SCORM_API_wrapper.js"/>
      <file href="week3/topic3/m3-t3.html"/>
      <file href="week3/topic3/topicScript.js"/>
    </resource>

    <resource identifier="Week3_T4_resource" type="webcontent" href="/week3/topic4/m3-t4.html" adlcp:scormtype="sco">
      <file href="adlcp_rootv1p2.xsd"/>
      <file href="imscp_rootv1p1p2.xsd"/>
      <file href="imsmanifest.xml"/>
      <file href="imsmd_rootv1p2p1.xsd"/>
      <file href="imsmetadata.xml"/>
      <file href="ims_xml.xsd"/>
      <file href="data/courseData.json"/>
      <file href="js/appCnt.js"/>
      <file href="js/jquery-1.11.3.min.js"/>
      <file href="js/scormAPI.js"/>
      <file href="js/SCORM_API_wrapper.js"/>
      <file href="week3/topic4/m3-t4.html"/>
      <file href="week3/topic4/topicScript.js"/>
    </resource>

    <resource identifier="Week3_T5_resource" type="webcontent" href="/week3/topic5/m3-t5.html" adlcp:scormtype="sco">
      <file href="adlcp_rootv1p2.xsd"/>
      <file href="imscp_rootv1p1p2.xsd"/>
      <file href="imsmanifest.xml"/>
      <file href="imsmd_rootv1p2p1.xsd"/>
      <file href="imsmetadata.xml"/>
      <file href="ims_xml.xsd"/>
      <file href="data/courseData.json"/>
      <file href="js/appCnt.js"/>
      <file href="js/jquery-1.11.3.min.js"/>
      <file href="js/scormAPI.js"/>
      <file href="js/SCORM_API_wrapper.js"/>
      <file href="week3/topic5/m3-t5.html"/>
      <file href="week3/topic5/topicScript.js"/>
    </resource>

    <resource identifier="Week3_T6_resource" type="webcontent" href="/week3/topic6/m3-t6.html" adlcp:scormtype="sco">
      <file href="adlcp_rootv1p2.xsd"/>
      <file href="imscp_rootv1p1p2.xsd"/>
      <file href="imsmanifest.xml"/>
      <file href="imsmd_rootv1p2p1.xsd"/>
      <file href="imsmetadata.xml"/>
      <file href="ims_xml.xsd"/>
      <file href="data/courseData.json"/>
      <file href="js/appCnt.js"/>
      <file href="js/jquery-1.11.3.min.js"/>
      <file href="js/scormAPI.js"/>
      <file href="js/SCORM_API_wrapper.js"/>
      <file href="week3/topic6/m3-t6.html"/>
      <file href="week3/topic6/topicScript.js"/>
    </resource>

    <resource identifier="Week3_T7_resource" type="webcontent" href="/week3/topic7/m3-t7.html" adlcp:scormtype="sco">
      <file href="adlcp_rootv1p2.xsd"/>
      <file href="imscp_rootv1p1p2.xsd"/>
      <file href="imsmanifest.xml"/>
      <file href="imsmd_rootv1p2p1.xsd"/>
      <file href="imsmetadata.xml"/>
      <file href="ims_xml.xsd"/>
      <file href="data/courseData.json"/>
      <file href="js/appCnt.js"/>
      <file href="js/jquery-1.11.3.min.js"/>
      <file href="js/scormAPI.js"/>
      <file href="js/SCORM_API_wrapper.js"/>
      <file href="week3/topic7/m3-t7.html"/>
      <file href="week3/topic7/topicScript.js"/>
    </resource>

    <resource identifier="Week3_T8_resource" type="webcontent" href="/week3/topic8/m3-t8.html" adlcp:scormtype="sco">
      <file href="adlcp_rootv1p2.xsd"/>
      <file href="imscp_rootv1p1p2.xsd"/>
      <file href="imsmanifest.xml"/>
      <file href="imsmd_rootv1p2p1.xsd"/>
      <file href="imsmetadata.xml"/>
      <file href="ims_xml.xsd"/>
      <file href="data/courseData.json"/>
      <file href="js/appCnt.js"/>
      <file href="js/jquery-1.11.3.min.js"/>
      <file href="js/scormAPI.js"/>
      <file href="js/SCORM_API_wrapper.js"/>
      <file href="week3/topic8/m3-t8.html"/>
      <file href="week3/topic8/topicScript.js"/>
    </resource>

    <resource identifier="Week4_T1_resource" type="webcontent" href="/week4/topic1/m4-t1.html" adlcp:scormtype="sco">
      <file href="adlcp_rootv1p2.xsd"/>
      <file href="imscp_rootv1p1p2.xsd"/>
      <file href="imsmanifest.xml"/>
      <file href="imsmd_rootv1p2p1.xsd"/>
      <file href="imsmetadata.xml"/>
      <file href="ims_xml.xsd"/>
      <file href="data/courseData.json"/>
      <file href="js/appCnt.js"/>
      <file href="js/jquery-1.11.3.min.js"/>
      <file href="js/scormAPI.js"/>
      <file href="js/SCORM_API_wrapper.js"/>
      <file href="week4/topic1/m4-t1.html"/>
      <file href="week4/topic1/topicScript.js"/>
    </resource>

    <resource identifier="Week4_T2_resource" type="webcontent" href="/week4/topic2/m4-t2.html" adlcp:scormtype="sco">
      <file href="adlcp_rootv1p2.xsd"/>
      <file href="imscp_rootv1p1p2.xsd"/>
      <file href="imsmanifest.xml"/>
      <file href="imsmd_rootv1p2p1.xsd"/>
      <file href="imsmetadata.xml"/>
      <file href="ims_xml.xsd"/>
      <file href="data/courseData.json"/>
      <file href="js/appCnt.js"/>
      <file href="js/jquery-1.11.3.min.js"/>
      <file href="js/scormAPI.js"/>
      <file href="js/SCORM_API_wrapper.js"/>
      <file href="week4/topic2/m4-t2.html"/>
      <file href="week4/topic2/topicScript.js"/>
    </resource>

    <resource identifier="Week4_T3_resource" type="webcontent" href="/week4/topic3/m4-t3.html" adlcp:scormtype="sco">
      <file href="adlcp_rootv1p2.xsd"/>
      <file href="imscp_rootv1p1p2.xsd"/>
      <file href="imsmanifest.xml"/>
      <file href="imsmd_rootv1p2p1.xsd"/>
      <file href="imsmetadata.xml"/>
      <file href="ims_xml.xsd"/>
      <file href="data/courseData.json"/>
      <file href="js/appCnt.js"/>
      <file href="js/jquery-1.11.3.min.js"/>
      <file href="js/scormAPI.js"/>
      <file href="js/SCORM_API_wrapper.js"/>
      <file href="week4/topic3/m4-t3.html"/>
      <file href="week4/topic3/topicScript.js"/>
    </resource>

    <resource identifier="Week4_T4_resource" type="webcontent" href="/week4/topic4/m4-t4.html" adlcp:scormtype="sco">
      <file href="adlcp_rootv1p2.xsd"/>
      <file href="imscp_rootv1p1p2.xsd"/>
      <file href="imsmanifest.xml"/>
      <file href="imsmd_rootv1p2p1.xsd"/>
      <file href="imsmetadata.xml"/>
      <file href="ims_xml.xsd"/>
      <file href="data/courseData.json"/>
      <file href="js/appCnt.js"/>
      <file href="js/jquery-1.11.3.min.js"/>
      <file href="js/scormAPI.js"/>
      <file href="js/SCORM_API_wrapper.js"/>
      <file href="week4/topic4/m4-t4.html"/>
      <file href="week4/topic4/topicScript.js"/>
    </resource>

    <resource identifier="Week4_T5_resource" type="webcontent" href="/week4/topic5/m4-t5.html" adlcp:scormtype="sco">
      <file href="adlcp_rootv1p2.xsd"/>
      <file href="imscp_rootv1p1p2.xsd"/>
      <file href="imsmanifest.xml"/>
      <file href="imsmd_rootv1p2p1.xsd"/>
      <file href="imsmetadata.xml"/>
      <file href="ims_xml.xsd"/>
      <file href="data/courseData.json"/>
      <file href="js/appCnt.js"/>
      <file href="js/jquery-1.11.3.min.js"/>
      <file href="js/scormAPI.js"/>
      <file href="js/SCORM_API_wrapper.js"/>
      <file href="week4/topic5/m4-t5.html"/>
      <file href="week4/topic5/topicScript.js"/>
    </resource>

    <resource identifier="Week4_T6_resource" type="webcontent" href="/week4/topic6/m4-t6.html" adlcp:scormtype="sco">
      <file href="adlcp_rootv1p2.xsd"/>
      <file href="imscp_rootv1p1p2.xsd"/>
      <file href="imsmanifest.xml"/>
      <file href="imsmd_rootv1p2p1.xsd"/>
      <file href="imsmetadata.xml"/>
      <file href="ims_xml.xsd"/>
      <file href="data/courseData.json"/>
      <file href="js/appCnt.js"/>
      <file href="js/jquery-1.11.3.min.js"/>
      <file href="js/scormAPI.js"/>
      <file href="js/SCORM_API_wrapper.js"/>
      <file href="week4/topic6/m4-t6.html"/>
      <file href="week4/topic6/topicScript.js"/>
    </resource>

    <resource identifier="Week5_T1_resource" type="webcontent" href="/week5/topic1/m5-t1.html" adlcp:scormtype="sco">
      <file href="adlcp_rootv1p2.xsd"/>
      <file href="imscp_rootv1p1p2.xsd"/>
      <file href="imsmanifest.xml"/>
      <file href="imsmd_rootv1p2p1.xsd"/>
      <file href="imsmetadata.xml"/>
      <file href="ims_xml.xsd"/>
      <file href="data/courseData.json"/>
      <file href="js/appCnt.js"/>
      <file href="js/jquery-1.11.3.min.js"/>
      <file href="js/scormAPI.js"/>
      <file href="js/SCORM_API_wrapper.js"/>
      <file href="week5/topic1/m5-t1.html"/>
      <file href="week5/topic1/topicScript.js"/>
    </resource>

    <resource identifier="Week5_T2_resource" type="webcontent" href="/week5/topic2/m5-t2.html" adlcp:scormtype="sco">
      <file href="adlcp_rootv1p2.xsd"/>
      <file href="imscp_rootv1p1p2.xsd"/>
      <file href="imsmanifest.xml"/>
      <file href="imsmd_rootv1p2p1.xsd"/>
      <file href="imsmetadata.xml"/>
      <file href="ims_xml.xsd"/>
      <file href="data/courseData.json"/>
      <file href="js/appCnt.js"/>
      <file href="js/jquery-1.11.3.min.js"/>
      <file href="js/scormAPI.js"/>
      <file href="js/SCORM_API_wrapper.js"/>
      <file href="week5/topic2/m5-t2.html"/>
      <file href="week5/topic2/topicScript.js"/>
    </resource>

    <resource identifier="Week5_T3_resource" type="webcontent" href="/week5/topic3/m5-t3.html" adlcp:scormtype="sco">
      <file href="adlcp_rootv1p2.xsd"/>
      <file href="imscp_rootv1p1p2.xsd"/>
      <file href="imsmanifest.xml"/>
      <file href="imsmd_rootv1p2p1.xsd"/>
      <file href="imsmetadata.xml"/>
      <file href="ims_xml.xsd"/>
      <file href="data/courseData.json"/>
      <file href="js/appCnt.js"/>
      <file href="js/jquery-1.11.3.min.js"/>
      <file href="js/scormAPI.js"/>
      <file href="js/SCORM_API_wrapper.js"/>
      <file href="week5/topic3/m5-t3.html"/>
      <file href="week5/topic3/topicScript.js"/>
    </resource>

    <resource identifier="Week5_T4_resource" type="webcontent" href="/week5/topic4/m5-t4.html" adlcp:scormtype="sco">
      <file href="adlcp_rootv1p2.xsd"/>
      <file href="imscp_rootv1p1p2.xsd"/>
      <file href="imsmanifest.xml"/>
      <file href="imsmd_rootv1p2p1.xsd"/>
      <file href="imsmetadata.xml"/>
      <file href="ims_xml.xsd"/>
      <file href="data/courseData.json"/>
      <file href="js/appCnt.js"/>
      <file href="js/jquery-1.11.3.min.js"/>
      <file href="js/scormAPI.js"/>
      <file href="js/SCORM_API_wrapper.js"/>
      <file href="week5/topic4/m5-t4.html"/>
      <file href="week5/topic4/topicScript.js"/>
    </resource>

    <resource identifier="Week5_T5_resource" type="webcontent" href="/week5/topic5/m5-t5.html" adlcp:scormtype="sco">
      <file href="adlcp_rootv1p2.xsd"/>
      <file href="imscp_rootv1p1p2.xsd"/>
      <file href="imsmanifest.xml"/>
      <file href="imsmd_rootv1p2p1.xsd"/>
      <file href="imsmetadata.xml"/>
      <file href="ims_xml.xsd"/>
      <file href="data/courseData.json"/>
      <file href="js/appCnt.js"/>
      <file href="js/jquery-1.11.3.min.js"/>
      <file href="js/scormAPI.js"/>
      <file href="js/SCORM_API_wrapper.js"/>
      <file href="week5/topic5/m5-t5.html"/>
      <file href="week5/topic5/topicScript.js"/>
    </resource>

    <resource identifier="Week5_T6_resource" type="webcontent" href="/week5/topic6/m5-t6.html" adlcp:scormtype="sco">
      <file href="adlcp_rootv1p2.xsd"/>
      <file href="imscp_rootv1p1p2.xsd"/>
      <file href="imsmanifest.xml"/>
      <file href="imsmd_rootv1p2p1.xsd"/>
      <file href="imsmetadata.xml"/>
      <file href="ims_xml.xsd"/>
      <file href="data/courseData.json"/>
      <file href="js/appCnt.js"/>
      <file href="js/jquery-1.11.3.min.js"/>
      <file href="js/scormAPI.js"/>
      <file href="js/SCORM_API_wrapper.js"/>
      <file href="week5/topic6/m5-t6.html"/>
      <file href="week5/topic6/topicScript.js"/>
    </resource>

    <resource identifier="Week5_T7_resource" type="webcontent" href="/week5/topic7/m5-t7.html" adlcp:scormtype="sco">
      <file href="adlcp_rootv1p2.xsd"/>
      <file href="imscp_rootv1p1p2.xsd"/>
      <file href="imsmanifest.xml"/>
      <file href="imsmd_rootv1p2p1.xsd"/>
      <file href="imsmetadata.xml"/>
      <file href="ims_xml.xsd"/>
      <file href="data/courseData.json"/>
      <file href="js/appCnt.js"/>
      <file href="js/jquery-1.11.3.min.js"/>
      <file href="js/scormAPI.js"/>
      <file href="js/SCORM_API_wrapper.js"/>
      <file href="week5/topic7/m5-t7.html"/>
      <file href="week5/topic7/topicScript.js"/>
    </resource>

    <resource identifier="Week5_T8_resource" type="webcontent" href="/week5/topic8/m5-t8.html" adlcp:scormtype="sco">
      <file href="adlcp_rootv1p2.xsd"/>
      <file href="imscp_rootv1p1p2.xsd"/>
      <file href="imsmanifest.xml"/>
      <file href="imsmd_rootv1p2p1.xsd"/>
      <file href="imsmetadata.xml"/>
      <file href="ims_xml.xsd"/>
      <file href="data/courseData.json"/>
      <file href="js/appCnt.js"/>
      <file href="js/jquery-1.11.3.min.js"/>
      <file href="js/scormAPI.js"/>
      <file href="js/SCORM_API_wrapper.js"/>
      <file href="week5/topic8/m5-t8.html"/>
      <file href="week5/topic8/topicScript.js"/>
    </resource>

    <resource identifier="Week6_T1_resource" type="webcontent" href="/week6/topic1/m6-t1.html" adlcp:scormtype="sco">
      <file href="adlcp_rootv1p2.xsd"/>
      <file href="imscp_rootv1p1p2.xsd"/>
      <file href="imsmanifest.xml"/>
      <file href="imsmd_rootv1p2p1.xsd"/>
      <file href="imsmetadata.xml"/>
      <file href="ims_xml.xsd"/>
      <file href="data/courseData.json"/>
      <file href="js/appCnt.js"/>
      <file href="js/jquery-1.11.3.min.js"/>
      <file href="js/scormAPI.js"/>
      <file href="js/SCORM_API_wrapper.js"/>
      <file href="week6/topic1/m6-t1.html"/>
      <file href="week6/topic1/topicScript.js"/>
    </resource>

    <resource identifier="Week6_T2_resource" type="webcontent" href="/week6/topic2/m6-t2.html" adlcp:scormtype="sco">
      <file href="adlcp_rootv1p2.xsd"/>
      <file href="imscp_rootv1p1p2.xsd"/>
      <file href="imsmanifest.xml"/>
      <file href="imsmd_rootv1p2p1.xsd"/>
      <file href="imsmetadata.xml"/>
      <file href="ims_xml.xsd"/>
      <file href="data/courseData.json"/>
      <file href="js/appCnt.js"/>
      <file href="js/jquery-1.11.3.min.js"/>
      <file href="js/scormAPI.js"/>
      <file href="js/SCORM_API_wrapper.js"/>
      <file href="week6/topic2/m6-t2.html"/>
      <file href="week6/topic2/topicScript.js"/>
    </resource>

    <resource identifier="Week6_T3_resource" type="webcontent" href="/week6/topic3/m6-t3.html" adlcp:scormtype="sco">
      <file href="adlcp_rootv1p2.xsd"/>
      <file href="imscp_rootv1p1p2.xsd"/>
      <file href="imsmanifest.xml"/>
      <file href="imsmd_rootv1p2p1.xsd"/>
      <file href="imsmetadata.xml"/>
      <file href="ims_xml.xsd"/>
      <file href="data/courseData.json"/>
      <file href="js/appCnt.js"/>
      <file href="js/jquery-1.11.3.min.js"/>
      <file href="js/scormAPI.js"/>
      <file href="js/SCORM_API_wrapper.js"/>
      <file href="week6/topic3/m6-t3.html"/>
      <file href="week6/topic3/topicScript.js"/>
    </resource>

    <resource identifier="Week6_T4_resource" type="webcontent" href="/week6/topic4/m6-t4.html" adlcp:scormtype="sco">
      <file href="adlcp_rootv1p2.xsd"/>
      <file href="imscp_rootv1p1p2.xsd"/>
      <file href="imsmanifest.xml"/>
      <file href="imsmd_rootv1p2p1.xsd"/>
      <file href="imsmetadata.xml"/>
      <file href="ims_xml.xsd"/>
      <file href="data/courseData.json"/>
      <file href="js/appCnt.js"/>
      <file href="js/jquery-1.11.3.min.js"/>
      <file href="js/scormAPI.js"/>
      <file href="js/SCORM_API_wrapper.js"/>
      <file href="week6/topic4/m6-t4.html"/>
      <file href="week6/topic4/topicScript.js"/>
    </resource>

    <resource identifier="Week7_T1_resource" type="webcontent" href="/week7/topic1/m7-t1.html" adlcp:scormtype="sco">
      <file href="adlcp_rootv1p2.xsd"/>
      <file href="imscp_rootv1p1p2.xsd"/>
      <file href="imsmanifest.xml"/>
      <file href="imsmd_rootv1p2p1.xsd"/>
      <file href="imsmetadata.xml"/>
      <file href="ims_xml.xsd"/>
      <file href="data/courseData.json"/>
      <file href="js/appCnt.js"/>
      <file href="js/jquery-1.11.3.min.js"/>
      <file href="js/scormAPI.js"/>
      <file href="js/SCORM_API_wrapper.js"/>
      <file href="week7/topic1/m7-t1.html"/>
      <file href="week7/topic1/topicScript.js"/>
    </resource>

    <resource identifier="Week7_T2_resource" type="webcontent" href="/week7/topic2/m7-t2.html" adlcp:scormtype="sco">
      <file href="adlcp_rootv1p2.xsd"/>
      <file href="imscp_rootv1p1p2.xsd"/>
      <file href="imsmanifest.xml"/>
      <file href="imsmd_rootv1p2p1.xsd"/>
      <file href="imsmetadata.xml"/>
      <file href="ims_xml.xsd"/>
      <file href="data/courseData.json"/>
      <file href="js/appCnt.js"/>
      <file href="js/jquery-1.11.3.min.js"/>
      <file href="js/scormAPI.js"/>
      <file href="js/SCORM_API_wrapper.js"/>
      <file href="week7/topic2/m7-t2.html"/>
      <file href="week7/topic2/topicScript.js"/>
    </resource>

    <resource identifier="Week7_T3_resource" type="webcontent" href="/week7/topic3/m7-t3.html" adlcp:scormtype="sco">
      <file href="adlcp_rootv1p2.xsd"/>
      <file href="imscp_rootv1p1p2.xsd"/>
      <file href="imsmanifest.xml"/>
      <file href="imsmd_rootv1p2p1.xsd"/>
      <file href="imsmetadata.xml"/>
      <file href="ims_xml.xsd"/>
      <file href="data/courseData.json"/>
      <file href="js/appCnt.js"/>
      <file href="js/jquery-1.11.3.min.js"/>
      <file href="js/scormAPI.js"/>
      <file href="js/SCORM_API_wrapper.js"/>
      <file href="week7/topic3/m7-t3.html"/>
      <file href="week7/topic3/topicScript.js"/>
    </resource>

    <resource identifier="Week7_T4_resource" type="webcontent" href="/week7/topic4/m7-t4.html" adlcp:scormtype="sco">
      <file href="adlcp_rootv1p2.xsd"/>
      <file href="imscp_rootv1p1p2.xsd"/>
      <file href="imsmanifest.xml"/>
      <file href="imsmd_rootv1p2p1.xsd"/>
      <file href="imsmetadata.xml"/>
      <file href="ims_xml.xsd"/>
      <file href="data/courseData.json"/>
      <file href="js/appCnt.js"/>
      <file href="js/jquery-1.11.3.min.js"/>
      <file href="js/scormAPI.js"/>
      <file href="js/SCORM_API_wrapper.js"/>
      <file href="week7/topic4/m7-t4.html"/>
      <file href="week7/topic4/topicScript.js"/>
    </resource>

    <resource identifier="Week7_T5_resource" type="webcontent" href="/week7/topic5/m7-t5.html" adlcp:scormtype="sco">
      <file href="adlcp_rootv1p2.xsd"/>
      <file href="imscp_rootv1p1p2.xsd"/>
      <file href="imsmanifest.xml"/>
      <file href="imsmd_rootv1p2p1.xsd"/>
      <file href="imsmetadata.xml"/>
      <file href="ims_xml.xsd"/>
      <file href="data/courseData.json"/>
      <file href="js/appCnt.js"/>
      <file href="js/jquery-1.11.3.min.js"/>
      <file href="js/scormAPI.js"/>
      <file href="js/SCORM_API_wrapper.js"/>
      <file href="week7/topic5/m7-t5.html"/>
      <file href="week7/topic5/topicScript.js"/>
    </resource>

    <resource identifier="Week7_T6_resource" type="webcontent" href="/week57topic6/m7-t6.html" adlcp:scormtype="sco">
      <file href="adlcp_rootv1p2.xsd"/>
      <file href="imscp_rootv1p1p2.xsd"/>
      <file href="imsmanifest.xml"/>
      <file href="imsmd_rootv1p2p1.xsd"/>
      <file href="imsmetadata.xml"/>
      <file href="ims_xml.xsd"/>
      <file href="data/courseData.json"/>
      <file href="js/appCnt.js"/>
      <file href="js/jquery-1.11.3.min.js"/>
      <file href="js/scormAPI.js"/>
      <file href="js/SCORM_API_wrapper.js"/>
      <file href="week7/topic6/m7-t6.html"/>
      <file href="week7/topic6/topicScript.js"/>
    </resource>

    <resource identifier="Week8_T1_resource" type="webcontent" href="/week8/topic1/m8-t1.html" adlcp:scormtype="sco">
      <file href="adlcp_rootv1p2.xsd"/>
      <file href="imscp_rootv1p1p2.xsd"/>
      <file href="imsmanifest.xml"/>
      <file href="imsmd_rootv1p2p1.xsd"/>
      <file href="imsmetadata.xml"/>
      <file href="ims_xml.xsd"/>
      <file href="data/courseData.json"/>
      <file href="js/appCnt.js"/>
      <file href="js/jquery-1.11.3.min.js"/>
      <file href="js/scormAPI.js"/>
      <file href="js/SCORM_API_wrapper.js"/>
      <file href="week8/topic1/m8-t1.html"/>
      <file href="week8/topic1/topicScript.js"/>
    </resource>

    <resource identifier="Week8_T2_resource" type="webcontent" href="/week8/topic2/m8-t2.html" adlcp:scormtype="sco">
      <file href="adlcp_rootv1p2.xsd"/>
      <file href="imscp_rootv1p1p2.xsd"/>
      <file href="imsmanifest.xml"/>
      <file href="imsmd_rootv1p2p1.xsd"/>
      <file href="imsmetadata.xml"/>
      <file href="ims_xml.xsd"/>
      <file href="data/courseData.json"/>
      <file href="js/appCnt.js"/>
      <file href="js/jquery-1.11.3.min.js"/>
      <file href="js/scormAPI.js"/>
      <file href="js/SCORM_API_wrapper.js"/>
      <file href="week8/topic2/m8-t2.html"/>
      <file href="week8/topic2/topicScript.js"/>
    </resource>

    <resource identifier="Week8_T3_resource" type="webcontent" href="/week8/topic3/m8-t3.html" adlcp:scormtype="sco">
      <file href="adlcp_rootv1p2.xsd"/>
      <file href="imscp_rootv1p1p2.xsd"/>
      <file href="imsmanifest.xml"/>
      <file href="imsmd_rootv1p2p1.xsd"/>
      <file href="imsmetadata.xml"/>
      <file href="ims_xml.xsd"/>
      <file href="data/courseData.json"/>
      <file href="js/appCnt.js"/>
      <file href="js/jquery-1.11.3.min.js"/>
      <file href="js/scormAPI.js"/>
      <file href="js/SCORM_API_wrapper.js"/>
      <file href="week8/topic3/m8-t3.html"/>
      <file href="week8/topic3/topicScript.js"/>
    </resource>

    <resource identifier="Week8_T4_resource" type="webcontent" href="/week8/topic4/m8-t4.html" adlcp:scormtype="sco">
      <file href="adlcp_rootv1p2.xsd"/>
      <file href="imscp_rootv1p1p2.xsd"/>
      <file href="imsmanifest.xml"/>
      <file href="imsmd_rootv1p2p1.xsd"/>
      <file href="imsmetadata.xml"/>
      <file href="ims_xml.xsd"/>
      <file href="data/courseData.json"/>
      <file href="js/appCnt.js"/>
      <file href="js/jquery-1.11.3.min.js"/>
      <file href="js/scormAPI.js"/>
      <file href="js/SCORM_API_wrapper.js"/>
      <file href="week8/topic4/m8-t4.html"/>
      <file href="week8/topic4/topicScript.js"/>
    </resource>

    <resource identifier="Week8_T5_resource" type="webcontent" href="/week8/topic5/m8-t5.html" adlcp:scormtype="sco">
      <file href="adlcp_rootv1p2.xsd"/>
      <file href="imscp_rootv1p1p2.xsd"/>
      <file href="imsmanifest.xml"/>
      <file href="imsmd_rootv1p2p1.xsd"/>
      <file href="imsmetadata.xml"/>
      <file href="ims_xml.xsd"/>
      <file href="data/courseData.json"/>
      <file href="js/appCnt.js"/>
      <file href="js/jquery-1.11.3.min.js"/>
      <file href="js/scormAPI.js"/>
      <file href="js/SCORM_API_wrapper.js"/>
      <file href="week8/topic5/m8-t5.html"/>
      <file href="week8/topic5/topicScript.js"/>
    </resource>

    <resource identifier="Week8_T6_resource" type="webcontent" href="/week8/topic6/m8-t6.html" adlcp:scormtype="sco">
      <file href="adlcp_rootv1p2.xsd"/>
      <file href="imscp_rootv1p1p2.xsd"/>
      <file href="imsmanifest.xml"/>
      <file href="imsmd_rootv1p2p1.xsd"/>
      <file href="imsmetadata.xml"/>
      <file href="ims_xml.xsd"/>
      <file href="data/courseData.json"/>
      <file href="js/appCnt.js"/>
      <file href="js/jquery-1.11.3.min.js"/>
      <file href="js/scormAPI.js"/>
      <file href="js/SCORM_API_wrapper.js"/>
      <file href="week8/topic6/m8-t6.html"/>
      <file href="week8/topic6/topicScript.js"/>
    </resource>

    <resource identifier="Week8_T7_resource" type="webcontent" href="/week8/topic7/m8-t7.html" adlcp:scormtype="sco">
      <file href="adlcp_rootv1p2.xsd"/>
      <file href="imscp_rootv1p1p2.xsd"/>
      <file href="imsmanifest.xml"/>
      <file href="imsmd_rootv1p2p1.xsd"/>
      <file href="imsmetadata.xml"/>
      <file href="ims_xml.xsd"/>
      <file href="data/courseData.json"/>
      <file href="js/appCnt.js"/>
      <file href="js/jquery-1.11.3.min.js"/>
      <file href="js/scormAPI.js"/>
      <file href="js/SCORM_API_wrapper.js"/>
      <file href="week8/topic7/m8-t7.html"/>
      <file href="week8/topic7/topicScript.js"/>
    </resource>

    <resource identifier="Week8_T8_resource" type="webcontent" href="/week8/topic8/m8-t8.html" adlcp:scormtype="sco">
      <file href="adlcp_rootv1p2.xsd"/>
      <file href="imscp_rootv1p1p2.xsd"/>
      <file href="imsmanifest.xml"/>
      <file href="imsmd_rootv1p2p1.xsd"/>
      <file href="imsmetadata.xml"/>
      <file href="ims_xml.xsd"/>
      <file href="data/courseData.json"/>
      <file href="js/appCnt.js"/>
      <file href="js/jquery-1.11.3.min.js"/>
      <file href="js/scormAPI.js"/>
      <file href="js/SCORM_API_wrapper.js"/>
      <file href="week8/topic8/m8-t8.html"/>
      <file href="week8/topic8/topicScript.js"/>
    </resource>

    <resource identifier="Week8_T9_resource" type="webcontent" href="/week8/topic9/m8-t9.html" adlcp:scormtype="sco">
      <file href="adlcp_rootv1p2.xsd"/>
      <file href="imscp_rootv1p1p2.xsd"/>
      <file href="imsmanifest.xml"/>
      <file href="imsmd_rootv1p2p1.xsd"/>
      <file href="imsmetadata.xml"/>
      <file href="ims_xml.xsd"/>
      <file href="data/courseData.json"/>
      <file href="js/appCnt.js"/>
      <file href="js/jquery-1.11.3.min.js"/>
      <file href="js/scormAPI.js"/>
      <file href="js/SCORM_API_wrapper.js"/>
      <file href="week8/topic9/m8-t9.html"/>
      <file href="week8/topic9/topicScript.js"/>
    </resource>

    <resource identifier="Week8_T10_resource" type="webcontent" href="/week8/topic10/m8-t10.html" adlcp:scormtype="sco">
      <file href="adlcp_rootv1p2.xsd"/>
      <file href="imscp_rootv1p1p2.xsd"/>
      <file href="imsmanifest.xml"/>
      <file href="imsmd_rootv1p2p1.xsd"/>
      <file href="imsmetadata.xml"/>
      <file href="ims_xml.xsd"/>
      <file href="data/courseData.json"/>
      <file href="js/appCnt.js"/>
      <file href="js/jquery-1.11.3.min.js"/>
      <file href="js/scormAPI.js"/>
      <file href="js/SCORM_API_wrapper.js"/>
      <file href="week8/topic10/m8-t10.html"/>
      <file href="week8/topic10/topicScript.js"/>
    </resource>

    <resource identifier="Week9_T1_resource" type="webcontent" href="/week9/topic1/m9-t1.html" adlcp:scormtype="sco">
      <file href="adlcp_rootv1p2.xsd"/>
      <file href="imscp_rootv1p1p2.xsd"/>
      <file href="imsmanifest.xml"/>
      <file href="imsmd_rootv1p2p1.xsd"/>
      <file href="imsmetadata.xml"/>
      <file href="ims_xml.xsd"/>
      <file href="data/courseData.json"/>
      <file href="js/appCnt.js"/>
      <file href="js/jquery-1.11.3.min.js"/>
      <file href="js/scormAPI.js"/>
      <file href="js/SCORM_API_wrapper.js"/>
      <file href="week9/topic1/m9-t1.html"/>
      <file href="week9/topic1/topicScript.js"/>
    </resource>

    <resource identifier="Week9_T2_resource" type="webcontent" href="/week9/topic2/m9-t2.html" adlcp:scormtype="sco">
      <file href="adlcp_rootv1p2.xsd"/>
      <file href="imscp_rootv1p1p2.xsd"/>
      <file href="imsmanifest.xml"/>
      <file href="imsmd_rootv1p2p1.xsd"/>
      <file href="imsmetadata.xml"/>
      <file href="ims_xml.xsd"/>
      <file href="data/courseData.json"/>
      <file href="js/appCnt.js"/>
      <file href="js/jquery-1.11.3.min.js"/>
      <file href="js/scormAPI.js"/>
      <file href="js/SCORM_API_wrapper.js"/>
      <file href="week9/topic2/m9-t2.html"/>
      <file href="week9/topic2/topicScript.js"/>
    </resource>

    <resource identifier="Week9_T3_resource" type="webcontent" href="/week9/topic3/m9-t3.html" adlcp:scormtype="sco">
      <file href="adlcp_rootv1p2.xsd"/>
      <file href="imscp_rootv1p1p2.xsd"/>
      <file href="imsmanifest.xml"/>
      <file href="imsmd_rootv1p2p1.xsd"/>
      <file href="imsmetadata.xml"/>
      <file href="ims_xml.xsd"/>
      <file href="data/courseData.json"/>
      <file href="js/appCnt.js"/>
      <file href="js/jquery-1.11.3.min.js"/>
      <file href="js/scormAPI.js"/>
      <file href="js/SCORM_API_wrapper.js"/>
      <file href="week9/topic3/m9-t3.html"/>
      <file href="week9/topic3/topicScript.js"/>
    </resource>

    <resource identifier="Week9_T4_resource" type="webcontent" href="/week9/topic4/m9-t4.html" adlcp:scormtype="sco">
      <file href="adlcp_rootv1p2.xsd"/>
      <file href="imscp_rootv1p1p2.xsd"/>
      <file href="imsmanifest.xml"/>
      <file href="imsmd_rootv1p2p1.xsd"/>
      <file href="imsmetadata.xml"/>
      <file href="ims_xml.xsd"/>
      <file href="data/courseData.json"/>
      <file href="js/appCnt.js"/>
      <file href="js/jquery-1.11.3.min.js"/>
      <file href="js/scormAPI.js"/>
      <file href="js/SCORM_API_wrapper.js"/>
      <file href="week9/topic4/m9-t4.html"/>
      <file href="week9/topic4/topicScript.js"/>
    </resource>

    <resource identifier="Week9_T5_resource" type="webcontent" href="/week9/topic5/m9-t5.html" adlcp:scormtype="sco">
      <file href="adlcp_rootv1p2.xsd"/>
      <file href="imscp_rootv1p1p2.xsd"/>
      <file href="imsmanifest.xml"/>
      <file href="imsmd_rootv1p2p1.xsd"/>
      <file href="imsmetadata.xml"/>
      <file href="ims_xml.xsd"/>
      <file href="data/courseData.json"/>
      <file href="js/appCnt.js"/>
      <file href="js/jquery-1.11.3.min.js"/>
      <file href="js/scormAPI.js"/>
      <file href="js/SCORM_API_wrapper.js"/>
      <file href="week9/topic5/m9-t5.html"/>
      <file href="week9/topic5/topicScript.js"/>
    </resource>

    <resource identifier="Week9_T6_resource" type="webcontent" href="/week9/topic6/m9-t6.html" adlcp:scormtype="sco">
      <file href="adlcp_rootv1p2.xsd"/>
      <file href="imscp_rootv1p1p2.xsd"/>
      <file href="imsmanifest.xml"/>
      <file href="imsmd_rootv1p2p1.xsd"/>
      <file href="imsmetadata.xml"/>
      <file href="ims_xml.xsd"/>
      <file href="data/courseData.json"/>
      <file href="js/appCnt.js"/>
      <file href="js/jquery-1.11.3.min.js"/>
      <file href="js/scormAPI.js"/>
      <file href="js/SCORM_API_wrapper.js"/>
      <file href="week9/topic6/m9-t6.html"/>
      <file href="week9/topic6/topicScript.js"/>
    </resource>

    <resource identifier="Week9_T7_resource" type="webcontent" href="/week9/topic7/m9-t7.html" adlcp:scormtype="sco">
      <file href="adlcp_rootv1p2.xsd"/>
      <file href="imscp_rootv1p1p2.xsd"/>
      <file href="imsmanifest.xml"/>
      <file href="imsmd_rootv1p2p1.xsd"/>
      <file href="imsmetadata.xml"/>
      <file href="ims_xml.xsd"/>
      <file href="data/courseData.json"/>
      <file href="js/appCnt.js"/>
      <file href="js/jquery-1.11.3.min.js"/>
      <file href="js/scormAPI.js"/>
      <file href="js/SCORM_API_wrapper.js"/>
      <file href="week9/topic7/m9-t7.html"/>
      <file href="week9/topic7/topicScript.js"/>
    </resource>

    <resource identifier="Week10_T1_resource" type="webcontent" href="/week10/topic1/m10-t1.html" adlcp:scormtype="sco">
      <file href="adlcp_rootv1p2.xsd"/>
      <file href="imscp_rootv1p1p2.xsd"/>
      <file href="imsmanifest.xml"/>
      <file href="imsmd_rootv1p2p1.xsd"/>
      <file href="imsmetadata.xml"/>
      <file href="ims_xml.xsd"/>
      <file href="data/courseData.json"/>
      <file href="js/appCnt.js"/>
      <file href="js/jquery-1.11.3.min.js"/>
      <file href="js/scormAPI.js"/>
      <file href="js/SCORM_API_wrapper.js"/>
      <file href="week10/topic1/m10-t1.html"/>
      <file href="week10/topic1/topicScript.js"/>
    </resource>

    <resource identifier="Week10_T2_resource" type="webcontent" href="/week10/topic2/m10-t2.html" adlcp:scormtype="sco">
      <file href="adlcp_rootv1p2.xsd"/>
      <file href="imscp_rootv1p1p2.xsd"/>
      <file href="imsmanifest.xml"/>
      <file href="imsmd_rootv1p2p1.xsd"/>
      <file href="imsmetadata.xml"/>
      <file href="ims_xml.xsd"/>
      <file href="data/courseData.json"/>
      <file href="js/appCnt.js"/>
      <file href="js/jquery-1.11.3.min.js"/>
      <file href="js/scormAPI.js"/>
      <file href="js/SCORM_API_wrapper.js"/>
      <file href="week10/topic2/m10-t2.html"/>
      <file href="week10/topic2/topicScript.js"/>
    </resource>

    <resource identifier="Week10_T3_resource" type="webcontent" href="/week10/topic3/m10-t3.html" adlcp:scormtype="sco">
      <file href="adlcp_rootv1p2.xsd"/>
      <file href="imscp_rootv1p1p2.xsd"/>
      <file href="imsmanifest.xml"/>
      <file href="imsmd_rootv1p2p1.xsd"/>
      <file href="imsmetadata.xml"/>
      <file href="ims_xml.xsd"/>
      <file href="data/courseData.json"/>
      <file href="js/appCnt.js"/>
      <file href="js/jquery-1.11.3.min.js"/>
      <file href="js/scormAPI.js"/>
      <file href="js/SCORM_API_wrapper.js"/>
      <file href="week10/topic3/m10-t3.html"/>
      <file href="week10/topic3/topicScript.js"/>
    </resource>

    <resource identifier="Week10_T4_resource" type="webcontent" href="/week10/topic4/m10-t4.html" adlcp:scormtype="sco">
      <file href="adlcp_rootv1p2.xsd"/>
      <file href="imscp_rootv1p1p2.xsd"/>
      <file href="imsmanifest.xml"/>
      <file href="imsmd_rootv1p2p1.xsd"/>
      <file href="imsmetadata.xml"/>
      <file href="ims_xml.xsd"/>
      <file href="data/courseData.json"/>
      <file href="js/appCnt.js"/>
      <file href="js/jquery-1.11.3.min.js"/>
      <file href="js/scormAPI.js"/>
      <file href="js/SCORM_API_wrapper.js"/>
      <file href="week10/topic4/m10-t4.html"/>
      <file href="week10/topic4/topicScript.js"/>
    </resource>

    <resource identifier="Week10_T5_resource" type="webcontent" href="/week10/topic5/m10-t5.html" adlcp:scormtype="sco">
      <file href="adlcp_rootv1p2.xsd"/>
      <file href="imscp_rootv1p1p2.xsd"/>
      <file href="imsmanifest.xml"/>
      <file href="imsmd_rootv1p2p1.xsd"/>
      <file href="imsmetadata.xml"/>
      <file href="ims_xml.xsd"/>
      <file href="data/courseData.json"/>
      <file href="js/appCnt.js"/>
      <file href="js/jquery-1.11.3.min.js"/>
      <file href="js/scormAPI.js"/>
      <file href="js/SCORM_API_wrapper.js"/>
      <file href="week10/topic5/m10-t5.html"/>
      <file href="week10/topic5/topicScript.js"/>
    </resource>

    <resource identifier="Week10_T6_resource" type="webcontent" href="/week10/topic6/m10-t6.html" adlcp:scormtype="sco">
      <file href="adlcp_rootv1p2.xsd"/>
      <file href="imscp_rootv1p1p2.xsd"/>
      <file href="imsmanifest.xml"/>
      <file href="imsmd_rootv1p2p1.xsd"/>
      <file href="imsmetadata.xml"/>
      <file href="ims_xml.xsd"/>
      <file href="data/courseData.json"/>
      <file href="js/appCnt.js"/>
      <file href="js/jquery-1.11.3.min.js"/>
      <file href="js/scormAPI.js"/>
      <file href="js/SCORM_API_wrapper.js"/>
      <file href="week10/topic6/m10-t6.html"/>
      <file href="week10/topic6/topicScript.js"/>
    </resource>

    <resource identifier="Week10_T7_resource" type="webcontent" href="/week10/topic7/m10-t7.html" adlcp:scormtype="sco">
      <file href="adlcp_rootv1p2.xsd"/>
      <file href="imscp_rootv1p1p2.xsd"/>
      <file href="imsmanifest.xml"/>
      <file href="imsmd_rootv1p2p1.xsd"/>
      <file href="imsmetadata.xml"/>
      <file href="ims_xml.xsd"/>
      <file href="data/courseData.json"/>
      <file href="js/appCnt.js"/>
      <file href="js/jquery-1.11.3.min.js"/>
      <file href="js/scormAPI.js"/>
      <file href="js/SCORM_API_wrapper.js"/>
      <file href="week10/topic7/m10-t7.html"/>
      <file href="week10/topic7/topicScript.js"/>
    </resource>

    <resource identifier="Week10_T8_resource" type="webcontent" href="/week10/topic8/m10-t8.html" adlcp:scormtype="sco">
      <file href="adlcp_rootv1p2.xsd"/>
      <file href="imscp_rootv1p1p2.xsd"/>
      <file href="imsmanifest.xml"/>
      <file href="imsmd_rootv1p2p1.xsd"/>
      <file href="imsmetadata.xml"/>
      <file href="ims_xml.xsd"/>
      <file href="data/courseData.json"/>
      <file href="js/appCnt.js"/>
      <file href="js/jquery-1.11.3.min.js"/>
      <file href="js/scormAPI.js"/>
      <file href="js/SCORM_API_wrapper.js"/>
      <file href="week10/topic8/m10-t8.html"/>
      <file href="week10/topic8/topicScript.js"/>
    </resource>

    <resource identifier="Week10_T9_resource" type="webcontent" href="/week10/topic9/m10-t9.html" adlcp:scormtype="sco">
      <file href="adlcp_rootv1p2.xsd"/>
      <file href="imscp_rootv1p1p2.xsd"/>
      <file href="imsmanifest.xml"/>
      <file href="imsmd_rootv1p2p1.xsd"/>
      <file href="imsmetadata.xml"/>
      <file href="ims_xml.xsd"/>
      <file href="data/courseData.json"/>
      <file href="js/appCnt.js"/>
      <file href="js/jquery-1.11.3.min.js"/>
      <file href="js/scormAPI.js"/>
      <file href="js/SCORM_API_wrapper.js"/>
      <file href="week10/topic9/m10-t9.html"/>
      <file href="week10/topic9/topicScript.js"/>
    </resource>

    <resource identifier="Week10_T10_resource" type="webcontent" href="/week10/topic10/m10-t10.html" adlcp:scormtype="sco">
      <file href="adlcp_rootv1p2.xsd"/>
      <file href="imscp_rootv1p1p2.xsd"/>
      <file href="imsmanifest.xml"/>
      <file href="imsmd_rootv1p2p1.xsd"/>
      <file href="imsmetadata.xml"/>
      <file href="ims_xml.xsd"/>
      <file href="data/courseData.json"/>
      <file href="js/appCnt.js"/>
      <file href="js/jquery-1.11.3.min.js"/>
      <file href="js/scormAPI.js"/>
      <file href="js/SCORM_API_wrapper.js"/>
      <file href="week10/topic10/m10-t10.html"/>
      <file href="week10/topic10/topicScript.js"/>
    </resource>

    <resource identifier="Week10_T11_resource" type="webcontent" href="/week10/topic11/m10-t11.html" adlcp:scormtype="sco">
      <file href="adlcp_rootv1p2.xsd"/>
      <file href="imscp_rootv1p1p2.xsd"/>
      <file href="imsmanifest.xml"/>
      <file href="imsmd_rootv1p2p1.xsd"/>
      <file href="imsmetadata.xml"/>
      <file href="ims_xml.xsd"/>
      <file href="data/courseData.json"/>
      <file href="js/appCnt.js"/>
      <file href="js/jquery-1.11.3.min.js"/>
      <file href="js/scormAPI.js"/>
      <file href="js/SCORM_API_wrapper.js"/>
      <file href="week10/topic11/m10-t11.html"/>
      <file href="week10/topic11/topicScript.js"/>
    </resource>

    <resource identifier="Week10_T12_resource" type="webcontent" href="/week10/topic12/m10-t12.html" adlcp:scormtype="sco">
      <file href="adlcp_rootv1p2.xsd"/>
      <file href="imscp_rootv1p1p2.xsd"/>
      <file href="imsmanifest.xml"/>
      <file href="imsmd_rootv1p2p1.xsd"/>
      <file href="imsmetadata.xml"/>
      <file href="ims_xml.xsd"/>
      <file href="data/courseData.json"/>
      <file href="js/appCnt.js"/>
      <file href="js/jquery-1.11.3.min.js"/>
      <file href="js/scormAPI.js"/>
      <file href="js/SCORM_API_wrapper.js"/>
      <file href="week10/topic12/m10-t12.html"/>
      <file href="week10/topic12/topicScript.js"/>
    </resource>

    <resource identifier="Week10_T13_resource" type="webcontent" href="/week10/topic13/m10-t13.html" adlcp:scormtype="sco">
      <file href="adlcp_rootv1p2.xsd"/>
      <file href="imscp_rootv1p1p2.xsd"/>
      <file href="imsmanifest.xml"/>
      <file href="imsmd_rootv1p2p1.xsd"/>
      <file href="imsmetadata.xml"/>
      <file href="ims_xml.xsd"/>
      <file href="data/courseData.json"/>
      <file href="js/appCnt.js"/>
      <file href="js/jquery-1.11.3.min.js"/>
      <file href="js/scormAPI.js"/>
      <file href="js/SCORM_API_wrapper.js"/>
      <file href="week10/topic13/m10-t13.html"/>
      <file href="week10/topic13/topicScript.js"/>
    </resource>

    <resource identifier="Week11_T1_resource" type="webcontent" href="/week11/topic1/m11-t1.html" adlcp:scormtype="sco">
      <file href="adlcp_rootv1p2.xsd"/>
      <file href="imscp_rootv1p1p2.xsd"/>
      <file href="imsmanifest.xml"/>
      <file href="imsmd_rootv1p2p1.xsd"/>
      <file href="imsmetadata.xml"/>
      <file href="ims_xml.xsd"/>
      <file href="data/courseData.json"/>
      <file href="js/appCnt.js"/>
      <file href="js/jquery-1.11.3.min.js"/>
      <file href="js/scormAPI.js"/>
      <file href="js/SCORM_API_wrapper.js"/>
      <file href="week11/topic1/m11-t1.html"/>
      <file href="week11/topic1/topicScript.js"/>
    </resource>

    <resource identifier="Week11_T2_resource" type="webcontent" href="/week11/topic2/m11-t2.html" adlcp:scormtype="sco">
      <file href="adlcp_rootv1p2.xsd"/>
      <file href="imscp_rootv1p1p2.xsd"/>
      <file href="imsmanifest.xml"/>
      <file href="imsmd_rootv1p2p1.xsd"/>
      <file href="imsmetadata.xml"/>
      <file href="ims_xml.xsd"/>
      <file href="data/courseData.json"/>
      <file href="js/appCnt.js"/>
      <file href="js/jquery-1.11.3.min.js"/>
      <file href="js/scormAPI.js"/>
      <file href="js/SCORM_API_wrapper.js"/>
      <file href="week11/topic2/m11-t2.html"/>
      <file href="week11/topic2/topicScript.js"/>
    </resource>

    <resource identifier="Week11_T3_resource" type="webcontent" href="/week11/topic3/m11-t3.html" adlcp:scormtype="sco">
      <file href="adlcp_rootv1p2.xsd"/>
      <file href="imscp_rootv1p1p2.xsd"/>
      <file href="imsmanifest.xml"/>
      <file href="imsmd_rootv1p2p1.xsd"/>
      <file href="imsmetadata.xml"/>
      <file href="ims_xml.xsd"/>
      <file href="data/courseData.json"/>
      <file href="js/appCnt.js"/>
      <file href="js/jquery-1.11.3.min.js"/>
      <file href="js/scormAPI.js"/>
      <file href="js/SCORM_API_wrapper.js"/>
      <file href="week11/topic3/m11-t3.html"/>
      <file href="week11/topic3/topicScript.js"/>
    </resource>

    <resource identifier="Week11_T4_resource" type="webcontent" href="/week11/topic4/m11-t4.html" adlcp:scormtype="sco">
      <file href="adlcp_rootv1p2.xsd"/>
      <file href="imscp_rootv1p1p2.xsd"/>
      <file href="imsmanifest.xml"/>
      <file href="imsmd_rootv1p2p1.xsd"/>
      <file href="imsmetadata.xml"/>
      <file href="ims_xml.xsd"/>
      <file href="data/courseData.json"/>
      <file href="js/appCnt.js"/>
      <file href="js/jquery-1.11.3.min.js"/>
      <file href="js/scormAPI.js"/>
      <file href="js/SCORM_API_wrapper.js"/>
      <file href="week11/topic4/m11-t4.html"/>
      <file href="week11/topic4/topicScript.js"/>
    </resource>

    <resource identifier="Week11_T5_resource" type="webcontent" href="/week11/topic5/m11-t5.html" adlcp:scormtype="sco">
      <file href="adlcp_rootv1p2.xsd"/>
      <file href="imscp_rootv1p1p2.xsd"/>
      <file href="imsmanifest.xml"/>
      <file href="imsmd_rootv1p2p1.xsd"/>
      <file href="imsmetadata.xml"/>
      <file href="ims_xml.xsd"/>
      <file href="data/courseData.json"/>
      <file href="js/appCnt.js"/>
      <file href="js/jquery-1.11.3.min.js"/>
      <file href="js/scormAPI.js"/>
      <file href="js/SCORM_API_wrapper.js"/>
      <file href="week11/topic5/m11-t5.html"/>
      <file href="week11/topic5/topicScript.js"/>
    </resource>

    <resource identifier="Week11_T6_resource" type="webcontent" href="/week11/topic6/m11-t6.html" adlcp:scormtype="sco">
      <file href="adlcp_rootv1p2.xsd"/>
      <file href="imscp_rootv1p1p2.xsd"/>
      <file href="imsmanifest.xml"/>
      <file href="imsmd_rootv1p2p1.xsd"/>
      <file href="imsmetadata.xml"/>
      <file href="ims_xml.xsd"/>
      <file href="data/courseData.json"/>
      <file href="js/appCnt.js"/>
      <file href="js/jquery-1.11.3.min.js"/>
      <file href="js/scormAPI.js"/>
      <file href="js/SCORM_API_wrapper.js"/>
      <file href="week11/topic6/m11-t6.html"/>
      <file href="week11/topic6/topicScript.js"/>
    </resource>

    <resource identifier="Week11_T7_resource" type="webcontent" href="/week11/topic7/m11-t7.html" adlcp:scormtype="sco">
      <file href="adlcp_rootv1p2.xsd"/>
      <file href="imscp_rootv1p1p2.xsd"/>
      <file href="imsmanifest.xml"/>
      <file href="imsmd_rootv1p2p1.xsd"/>
      <file href="imsmetadata.xml"/>
      <file href="ims_xml.xsd"/>
      <file href="data/courseData.json"/>
      <file href="js/appCnt.js"/>
      <file href="js/jquery-1.11.3.min.js"/>
      <file href="js/scormAPI.js"/>
      <file href="js/SCORM_API_wrapper.js"/>
      <file href="week11/topic7/m11-t7.html"/>
      <file href="week11/topic7/topicScript.js"/>
    </resource>

    <resource identifier="Week11_T8_resource" type="webcontent" href="/week11/topic8/m11-t8.html" adlcp:scormtype="sco">
      <file href="adlcp_rootv1p2.xsd"/>
      <file href="imscp_rootv1p1p2.xsd"/>
      <file href="imsmanifest.xml"/>
      <file href="imsmd_rootv1p2p1.xsd"/>
      <file href="imsmetadata.xml"/>
      <file href="ims_xml.xsd"/>
      <file href="data/courseData.json"/>
      <file href="js/appCnt.js"/>
      <file href="js/jquery-1.11.3.min.js"/>
      <file href="js/scormAPI.js"/>
      <file href="js/SCORM_API_wrapper.js"/>
      <file href="week11/topic8/m11-t8.html"/>
      <file href="week11/topic8/topicScript.js"/>
    </resource>

    <resource identifier="Week12_T1_resource" type="webcontent" href="/week12/topic1/m12-t1.html" adlcp:scormtype="sco">
      <file href="adlcp_rootv1p2.xsd"/>
      <file href="imscp_rootv1p1p2.xsd"/>
      <file href="imsmanifest.xml"/>
      <file href="imsmd_rootv1p2p1.xsd"/>
      <file href="imsmetadata.xml"/>
      <file href="ims_xml.xsd"/>
      <file href="data/courseData.json"/>
      <file href="js/appCnt.js"/>
      <file href="js/jquery-1.11.3.min.js"/>
      <file href="js/scormAPI.js"/>
      <file href="js/SCORM_API_wrapper.js"/>
      <file href="week12/topic1/m12-t1.html"/>
      <file href="week12/topic1/topicScript.js"/>
    </resource>

    <resource identifier="Week12_T2_resource" type="webcontent" href="/week12/topic2/m12-t2.html" adlcp:scormtype="sco">
      <file href="adlcp_rootv1p2.xsd"/>
      <file href="imscp_rootv1p1p2.xsd"/>
      <file href="imsmanifest.xml"/>
      <file href="imsmd_rootv1p2p1.xsd"/>
      <file href="imsmetadata.xml"/>
      <file href="ims_xml.xsd"/>
      <file href="data/courseData.json"/>
      <file href="js/appCnt.js"/>
      <file href="js/jquery-1.11.3.min.js"/>
      <file href="js/scormAPI.js"/>
      <file href="js/SCORM_API_wrapper.js"/>
      <file href="week12/topic2/m12-t2.html"/>
      <file href="week12/topic2/topicScript.js"/>
    </resource>

    <resource identifier="Week12_T3_resource" type="webcontent" href="/week12/topic3/m12-t3.html" adlcp:scormtype="sco">
      <file href="adlcp_rootv1p2.xsd"/>
      <file href="imscp_rootv1p1p2.xsd"/>
      <file href="imsmanifest.xml"/>
      <file href="imsmd_rootv1p2p1.xsd"/>
      <file href="imsmetadata.xml"/>
      <file href="ims_xml.xsd"/>
      <file href="data/courseData.json"/>
      <file href="js/appCnt.js"/>
      <file href="js/jquery-1.11.3.min.js"/>
      <file href="js/scormAPI.js"/>
      <file href="js/SCORM_API_wrapper.js"/>
      <file href="week12/topic3/m12-t3.html"/>
      <file href="week12/topic3/topicScript.js"/>
    </resource>

    <resource identifier="Week12_T4_resource" type="webcontent" href="/week12/topic4/m12-t4.html" adlcp:scormtype="sco">
      <file href="adlcp_rootv1p2.xsd"/>
      <file href="imscp_rootv1p1p2.xsd"/>
      <file href="imsmanifest.xml"/>
      <file href="imsmd_rootv1p2p1.xsd"/>
      <file href="imsmetadata.xml"/>
      <file href="ims_xml.xsd"/>
      <file href="data/courseData.json"/>
      <file href="js/appCnt.js"/>
      <file href="js/jquery-1.11.3.min.js"/>
      <file href="js/scormAPI.js"/>
      <file href="js/SCORM_API_wrapper.js"/>
      <file href="week12/topic4/m12-t4.html"/>
      <file href="week12/topic4/topicScript.js"/>
    </resource>

    <resource identifier="Week13_14_T1_resource" type="webcontent" href="/week13-14/topic1/m13-14.html" adlcp:scormtype="sco">
      <file href="adlcp_rootv1p2.xsd"/>
      <file href="imscp_rootv1p1p2.xsd"/>
      <file href="imsmanifest.xml"/>
      <file href="imsmd_rootv1p2p1.xsd"/>
      <file href="imsmetadata.xml"/>
      <file href="ims_xml.xsd"/>
      <file href="data/courseData.json"/>
      <file href="js/appCnt.js"/>
      <file href="js/jquery-1.11.3.min.js"/>
      <file href="js/scormAPI.js"/>
      <file href="js/SCORM_API_wrapper.js"/>
      <file href="week13-14/topic1/m13-14.html"/>
      <file href="week13-14/topic1/topicScript.js"/>
    </resource>

    <resource identifier="Week15_16_T1_resource" type="webcontent" href="/week15-16/topic1/m15-16.html" adlcp:scormtype="sco">
      <file href="adlcp_rootv1p2.xsd"/>
      <file href="imscp_rootv1p1p2.xsd"/>
      <file href="imsmanifest.xml"/>
      <file href="imsmd_rootv1p2p1.xsd"/>
      <file href="imsmetadata.xml"/>
      <file href="ims_xml.xsd"/>
      <file href="data/courseData.json"/>
      <file href="js/appCnt.js"/>
      <file href="js/jquery-1.11.3.min.js"/>
      <file href="js/scormAPI.js"/>
      <file href="js/SCORM_API_wrapper.js"/>
      <file href="week15-16/topic1/m15-16.html"/>
      <file href="week15-16/topic1/topicScript.js"/>
    </resource>

  </resources>
</manifest>
